name,linkedin,is_competitor,ai_reason
Industrial Automation LLC,https://www.linkedin.com/company/industrial-automation-llc,True,"Yes, Industrial Automation LLC is a competitor to Workerbase as both companies provide digital tools and solutions for industrial environments, with a focus on improving efficiency and streamlining operations for frontline workers in manufacturing."
Rockwell Automation,https://www.linkedin.com/company/rockwell-automation,True,"Yes, Rockwell Automation is a competitor to Workerbase as they also specialize in industrial automation and manufacturing solutions. They may offer similar products and services to frontline workers in manufacturing, potentially overlapping with Workerbase's offerings."
BizLink Factory Automation & Machinery,https://www.linkedin.com/company/bizlink-factory-automation-machinery,True,"Yes, BizLink Factory Automation & Machinery is a competitor to Workerbase as they both provide automation solutions for manufacturing companies. While Workerbase focuses on digital tools and workflow automation for frontline workers, BizLink Factory Automation & Machinery offers automation machinery manufacturing services."
Invio Automation,https://www.linkedin.com/company/invioautomation,True,"YES. Invio Automation is a company that specializes in automation machinery manufacturing, which is a direct competitor to Workerbase in the manufacturing industry. Both companies provide digital tools and automation solutions for frontline workers in manufacturing, aiming to improve efficiency and streamline operations."
Emerson,https://www.linkedin.com/company/emerson,True,"Yes, Emerson is a competitor to Workerbase as they also provide automation and manufacturing solutions for industrial environments. They may offer similar tools and services geared towards improving efficiency and streamlining operations for frontline workers."
Augmentir,https://www.linkedin.com/company/augmentir,True,"YES. Augmentir also provides digital tools and workflow automation for frontline workers, making them a direct competitor to Workerbase in the manufacturing industry."
WorkJam,https://es.linkedin.com/company/workjam?trk=public_profile_experience-item_result-card_subtitle-click,True,"YES. WorkJam also provides digital tools for frontline workers, focusing on improving workplace communication and efficiency. Both companies target similar industries and offer solutions for streamlining operations and empowering workers."
Enhanced Information Solutions (EIS),https://www.linkedin.com/company/enhanced-information-solutions-eis,True,"Yes, Enhanced Information Solutions (EIS) is a competitor to Workerbase as both companies provide software solutions for manufacturing needs. While Workerbase focuses on digital tools and workflow automation for frontline workers, EIS specializes in Manufacturing Execution Systems (MES) software solutions. Both companies target the manufacturing industry and offer solutions to improve efficiency and streamline operations."
Zehntech,https://de.linkedin.com/company/zehntech,True,YES. Zehntech is a competitor to Workerbase as they also provide workflow automation solutions for industrial environments.
